<?xml version="1.0" encoding="UTF-8"?>
<con:config xmlns:con="http://www.sourceid.org/2004/05/config">
    <con:item name="lastUpdated">1675992898702</con:item>
    <con:map name="scope-descriptions">
        <con:item name="WINDCHILL">Default full RW access to PTC WC</con:item>
    </con:map>
    <con:list name="dynamic-common-scopes"/>
    <con:map name="scope-group-descriptions"/>
    <con:map name="scope-group-mappings"/>
    <con:map name="exclusive-scope-descriptions"/>
    <con:list name="dynamic-exclusive-scopes"/>
    <con:map name="exclusive-scope-group-descriptions"/>
    <con:map name="exclusive-scope-group-mappings"/>
    <con:item name="default-scope-description"/>
</con:config>