<?xml version="1.0" encoding="UTF-8"?>
<con:config xmlns:con="http://www.sourceid.org/2004/05/config">
    <con:item name="AutoCreateCertOnEngineNode">true</con:item>
    <con:item name="DefaultActiveServerAlias">30n5cmyxdpbqltjynii2onxld</con:item>
    <con:list name="ActiveServerAliases">
        <con:ListItem>30n5cmyxdpbqltjynii2onxld</con:ListItem>
        <con:ListItem>vtcm75en83g6v1r87ytm7lihi</con:ListItem>
        <con:ListItem>1c8z0zmx2olf3cnptwqi3akhv</con:ListItem>
    </con:list>
    <con:item name="DefaultActiveAdminServerAlias">30n5cmyxdpbqltjynii2onxld</con:item>
    <con:list name="ActiveAdminServerAliases">
        <con:ListItem>30n5cmyxdpbqltjynii2onxld</con:ListItem>
        <con:ListItem>vtcm75en83g6v1r87ytm7lihi</con:ListItem>
        <con:ListItem>1c8z0zmx2olf3cnptwqi3akhv</con:ListItem>
    </con:list>
</con:config>