<?xml version="1.0" encoding="UTF-8"?>
<ldap:ldap-sources xmlns:ldap="http://pingidentity.com/2004/09/ldap-ds">
    <ldap:ldap-source id="LDAP-E05B47F83CF3FA5B4C07A87D90E209BD1350C03E" maskAttributeValues="true" ldapType="Generic" ldapTypeDesc="Generic" testOnBorrow="false" testOnReturn="false" createIfNecessary="true" minIdle="10" maxActive="100" maxWait="-1" timeBetweenEvictionRunsMillis="60000" readTimeoutMillis="3000" connTimeoutMillis="3000" verifyHost="true" dnsTtlMillis="60000" ldapDnsSrvPrefix="_ldap._tcp" ldapsDnsSrvPrefix="_ldaps._tcp">
        <ldap:host>activity.intercax.com</ldap:host>
        <ldap:principal>uid=pingfederate-test,ou=Automation_Accounts,dc=intercax,dc=com</ldap:principal>
        <ldap:use-ssl>false</ldap:use-ssl>
        <ldap:use-dns-srv-records>false</ldap:use-dns-srv-records>
        <ldap:ad-referral>false</ldap:ad-referral>
        <ldap:credentials>eyJhbGciOiJkaXIiLCJlbmMiOiJBMTI4Q0JDLUhTMjU2Iiwia2lkIjoiUWVzOVR5eTV5WiIsInZlcnNpb24iOiIxMS4wLjMuMiJ9..dWTqUcraM2nuToQv5ahjrg.EytTZoTV6Ma7fXaDx8_lb6otxvbat1ke1DlqssM468Y.8GmybiDh0oJJpVB4OvR5Ag</ldap:credentials>
        <ldap:authenticationMeth>simple</ldap:authenticationMeth>
        <ldap:description>activity,intercax.com (OpenLDAP)</ldap:description>
        <ldap:name>activity,intercax.com (OpenLDAP)</ldap:name>
        <ldap:binaryAttributes/>
        <ldap:ldapHostTagList>
            <ldap:tagEntry host="activity.intercax.com" tags=""/>
        </ldap:ldapHostTagList>
    </ldap:ldap-source>
</ldap:ldap-sources>