<?xml version="1.0" encoding="UTF-8"?>
<adm:administrative-users xmlns:adm="http://pingidentity.com/2006/01/admin-users">
    <adm:user>
        <adm:user-name>Administrator</adm:user-name>
        <adm:salt/>
        <adm:hash>Mwhiw0A81xI6jGV09SGvhe5Y0LYtZeN7brXuwhSfqec.RQcFSyIb.2</adm:hash>
        <adm:phone-number xsi:nil="true" xmlns:xsi="http://www.w3.org/2001/XMLSchema-instance"/>
        <adm:email-address xsi:nil="true" xmlns:xsi="http://www.w3.org/2001/XMLSchema-instance"/>
        <adm:department xsi:nil="true" xmlns:xsi="http://www.w3.org/2001/XMLSchema-instance"/>
        <adm:description>Initial administrator user.</adm:description>
        <adm:admin-manager>true</adm:admin-manager>
        <adm:admin>true</adm:admin>
        <adm:crypto-manager>true</adm:crypto-manager>
        <adm:expression-manager>true</adm:expression-manager>
        <adm:auditor>false</adm:auditor>
        <adm:active>true</adm:active>
        <adm:password-change-required>false</adm:password-change-required>
    </adm:user>
    <adm:user>
        <adm:user-name>lonnie.vanzandt</adm:user-name>
        <adm:salt/>
        <adm:hash>Xy4pFum5EcYJY0D91vMU2VRLFpPFvqAAFKiRfiSieMs.YDHLNi-s.2</adm:hash>
        <adm:phone-number>7202011349</adm:phone-number>
        <adm:email-address>lonnie.vanzandt@intercax.com</adm:email-address>
        <adm:department>Solutions</adm:department>
        <adm:description>Lonnie as PF Admin</adm:description>
        <adm:admin-manager>true</adm:admin-manager>
        <adm:admin>true</adm:admin>
        <adm:crypto-manager>true</adm:crypto-manager>
        <adm:expression-manager>true</adm:expression-manager>
        <adm:auditor>false</adm:auditor>
        <adm:active>true</adm:active>
        <adm:password-change-required>false</adm:password-change-required>
    </adm:user>
</adm:administrative-users>