<?xml version="1.0" encoding="UTF-8"?>
<urn:AdapterConfiguration authnCtxClassRef="" isInheritAttributeSettings="false" isInheritAttributeMapping="false" maskOgnlValues="false" uniqueUserKeyField="uid" isInheritExtendedContractAttributes="false" name="SP-used-HTML-Form-IdP-Adapter" xmlns:urn="urn:sourceid.org:saml2:adapter:conf">
    <urn:Fields>
        <urn:Field name="Challenge Retries">3</urn:Field>
        <urn:Field name="Session State">None</urn:Field>
        <urn:Field name="Session Timeout">60</urn:Field>
        <urn:Field name="Session Max Timeout">480</urn:Field>
        <urn:Field name="Allow Password Changes">false</urn:Field>
        <urn:Field name="Password Management System"/>
        <urn:Field name="Enable 'Remember My Username'">false</urn:Field>
        <urn:Field name="Enable 'This is My Device'">false</urn:Field>
        <urn:Field name="Change Password Policy Contract"/>
        <urn:Field name="Change Password Email Notification">false</urn:Field>
        <urn:Field name="Show Password Expiring Warning">false</urn:Field>
        <urn:Field name="Password Reset Type">NONE</urn:Field>
        <urn:Field name="Password Reset Policy Contract"/>
        <urn:Field name="Revoke Sessions After Password Change Or Reset">false</urn:Field>
        <urn:Field name="Account Unlock">false</urn:Field>
        <urn:Field name="Local Identity Profile"/>
        <urn:Field name="Notification Publisher"/>
        <urn:Field name="Enable Username Recovery">false</urn:Field>
        <urn:Field name="Login Template">html.form.login.template.html</urn:Field>
        <urn:Field name="Logout Path"/>
        <urn:Field name="Logout Redirect"/>
        <urn:Field name="Logout Template">idp.logout.success.page.template.html</urn:Field>
        <urn:Field name="Change Password Template">html.form.change.password.template.html</urn:Field>
        <urn:Field name="Change Password Message Template">html.form.message.template.html</urn:Field>
        <urn:Field name="Password Management System Message Template">html.form.message.template.html</urn:Field>
        <urn:Field name="Password Update Timeout">30</urn:Field>
        <urn:Field name="Change Password Email Template">message-template-end-user-password-change.html</urn:Field>
        <urn:Field name="Expiring Password Warning Template">html.form.password.expiring.notification.template.html</urn:Field>
        <urn:Field name="Threshold for Expiring Password Warning">7</urn:Field>
        <urn:Field name="Snooze Interval for Expiring Password Warning">24</urn:Field>
        <urn:Field name="Require Re-Authentication For Expiring Password Flow">false</urn:Field>
        <urn:Field name="Login Challenge Template">html.form.login.challenge.template.html</urn:Field>
        <urn:Field name="'Remember My Username' Lifetime">30</urn:Field>
        <urn:Field name="'This is My Device' Lifetime">30</urn:Field>
        <urn:Field name="Allow Username Edits During Chaining">false</urn:Field>
        <urn:Field name="Track Authentication Time">true</urn:Field>
        <urn:Field name="Post-Password Change Re-Authentication Delay">0</urn:Field>
        <urn:Field name="Password Reset One-Time Link Email Template">message-template-forgot-password-link.html</urn:Field>
        <urn:Field name="Password Reset One-Time Password Email Template">message-template-forgot-password-code.html</urn:Field>
        <urn:Field name="Password Reset Complete Email Template">message-template-forgot-password-complete.html</urn:Field>
        <urn:Field name="Password Reset Failed Email Template">message-template-forgot-password-failed.html</urn:Field>
        <urn:Field name="Password Reset Username Template">forgot-password.html</urn:Field>
        <urn:Field name="Password Reset Code Template">forgot-password-resume.html</urn:Field>
        <urn:Field name="Password Reset Template">forgot-password-change.html</urn:Field>
        <urn:Field name="Password Reset Error Template">forgot-password-error.html</urn:Field>
        <urn:Field name="Password Reset Success Template">forgot-password-success.html</urn:Field>
        <urn:Field name="Account Unlock Template">account-unlock.html</urn:Field>
        <urn:Field name="Account Unlock Email Template">message-template-account-unlock-complete.html</urn:Field>
        <urn:Field name="OTP Length">8</urn:Field>
        <urn:Field name="Allowed OTP Character Set">23456789BCDFGHJKMNPQRSTVWXZbcdfghjkmnpqrstvwxz</urn:Field>
        <urn:Field name="OTP Time to Live">10</urn:Field>
        <urn:Field name="PingID Properties"/>
        <urn:Field name="Require Verified Email">false</urn:Field>
        <urn:Field name="Username Recovery Template">username.recovery.template.html</urn:Field>
        <urn:Field name="Username Recovery Info Template">username.recovery.info.template.html</urn:Field>
        <urn:Field name="Username Recovery Email Template">message-template-username-recovery.html</urn:Field>
        <urn:Field name="CAPTCHA for Authentication">false</urn:Field>
        <urn:Field name="CAPTCHA for Password change">false</urn:Field>
        <urn:Field name="CAPTCHA for Password Reset">false</urn:Field>
        <urn:Field name="CAPTCHA for Username recovery">false</urn:Field>
    </urn:Fields>
    <urn:AdvancedFields>
        <urn:Field name="Login Template">html.form.login.template.html</urn:Field>
        <urn:Field name="Logout Path"/>
        <urn:Field name="Logout Redirect"/>
        <urn:Field name="Logout Template">idp.logout.success.page.template.html</urn:Field>
        <urn:Field name="Change Password Template">html.form.change.password.template.html</urn:Field>
        <urn:Field name="Change Password Message Template">html.form.message.template.html</urn:Field>
        <urn:Field name="Password Management System Message Template">html.form.message.template.html</urn:Field>
        <urn:Field name="Password Update Timeout">30</urn:Field>
        <urn:Field name="Change Password Email Template">message-template-end-user-password-change.html</urn:Field>
        <urn:Field name="Expiring Password Warning Template">html.form.password.expiring.notification.template.html</urn:Field>
        <urn:Field name="Threshold for Expiring Password Warning">7</urn:Field>
        <urn:Field name="Snooze Interval for Expiring Password Warning">24</urn:Field>
        <urn:Field name="Require Re-Authentication For Expiring Password Flow">false</urn:Field>
        <urn:Field name="Login Challenge Template">html.form.login.challenge.template.html</urn:Field>
        <urn:Field name="'Remember My Username' Lifetime">30</urn:Field>
        <urn:Field name="'This is My Device' Lifetime">30</urn:Field>
        <urn:Field name="Allow Username Edits During Chaining">false</urn:Field>
        <urn:Field name="Track Authentication Time">true</urn:Field>
        <urn:Field name="Post-Password Change Re-Authentication Delay">0</urn:Field>
        <urn:Field name="Password Reset One-Time Link Email Template">message-template-forgot-password-link.html</urn:Field>
        <urn:Field name="Password Reset One-Time Password Email Template">message-template-forgot-password-code.html</urn:Field>
        <urn:Field name="Password Reset Complete Email Template">message-template-forgot-password-complete.html</urn:Field>
        <urn:Field name="Password Reset Failed Email Template">message-template-forgot-password-failed.html</urn:Field>
        <urn:Field name="Password Reset Username Template">forgot-password.html</urn:Field>
        <urn:Field name="Password Reset Code Template">forgot-password-resume.html</urn:Field>
        <urn:Field name="Password Reset Template">forgot-password-change.html</urn:Field>
        <urn:Field name="Password Reset Error Template">forgot-password-error.html</urn:Field>
        <urn:Field name="Password Reset Success Template">forgot-password-success.html</urn:Field>
        <urn:Field name="Account Unlock Template">account-unlock.html</urn:Field>
        <urn:Field name="Account Unlock Email Template">message-template-account-unlock-complete.html</urn:Field>
        <urn:Field name="OTP Length">8</urn:Field>
        <urn:Field name="Allowed OTP Character Set">23456789BCDFGHJKMNPQRSTVWXZbcdfghjkmnpqrstvwxz</urn:Field>
        <urn:Field name="OTP Time to Live">10</urn:Field>
        <urn:Field name="PingID Properties"/>
        <urn:Field name="Require Verified Email">false</urn:Field>
        <urn:Field name="Username Recovery Template">username.recovery.template.html</urn:Field>
        <urn:Field name="Username Recovery Info Template">username.recovery.info.template.html</urn:Field>
        <urn:Field name="Username Recovery Email Template">message-template-username-recovery.html</urn:Field>
        <urn:Field name="CAPTCHA for Authentication">false</urn:Field>
        <urn:Field name="CAPTCHA for Password change">false</urn:Field>
        <urn:Field name="CAPTCHA for Password Reset">false</urn:Field>
        <urn:Field name="CAPTCHA for Username recovery">false</urn:Field>
    </urn:AdvancedFields>
    <urn:Tables>
        <urn:Table name="Credential Validators">
            <urn:Row defaultRow="false">
                <urn:Field name="Password Credential Validator Instance">2</urn:Field>
            </urn:Row>
        </urn:Table>
    </urn:Tables>
    <urn:ExtendedContractAttributes>
        <urn:AttributeName>uid</urn:AttributeName>
        <urn:AttributeName>last_name</urn:AttributeName>
        <urn:AttributeName>fullname</urn:AttributeName>
        <urn:AttributeName>first_name</urn:AttributeName>
        <urn:AttributeName>email</urn:AttributeName>
    </urn:ExtendedContractAttributes>
    <urn:ExtendedAttributesAdditionalProperties/>
    <urn:UniqueKeyField>uid</urn:UniqueKeyField>
    <urn:AttributeMapping>
        <urn1:AttributeMap Name="uid" Type="Adapter" xmlns:urn1="urn:sourceid.org:saml2:metadata-extension:v2">
            <urn1:ValueText>uid</urn1:ValueText>
        </urn1:AttributeMap>
        <urn1:AttributeMap Name="policy.action" Type="Adapter" xmlns:urn1="urn:sourceid.org:saml2:metadata-extension:v2">
            <urn1:ValueText>policy.action</urn1:ValueText>
        </urn1:AttributeMap>
        <urn1:AttributeMap Name="last_name" Type="Adapter" xmlns:urn1="urn:sourceid.org:saml2:metadata-extension:v2">
            <urn1:ValueText>last_name</urn1:ValueText>
        </urn1:AttributeMap>
        <urn1:AttributeMap Name="fullname" Type="Adapter" xmlns:urn1="urn:sourceid.org:saml2:metadata-extension:v2">
            <urn1:ValueText>fullname</urn1:ValueText>
        </urn1:AttributeMap>
        <urn1:AttributeMap Name="first_name" Type="Adapter" xmlns:urn1="urn:sourceid.org:saml2:metadata-extension:v2">
            <urn1:ValueText>first_name</urn1:ValueText>
        </urn1:AttributeMap>
        <urn1:AttributeMap Name="email" Type="Adapter" xmlns:urn1="urn:sourceid.org:saml2:metadata-extension:v2">
            <urn1:ValueText>email</urn1:ValueText>
        </urn1:AttributeMap>
        <urn1:AttributeMap Name="username" Type="Adapter" xmlns:urn1="urn:sourceid.org:saml2:metadata-extension:v2">
            <urn1:ValueText>username</urn1:ValueText>
        </urn1:AttributeMap>
        <urn1:AttributeSource Id="attributeSourceId1" Description="ldapAttributeSource" Type="LDAP" DataSourceId="LDAP-E05B47F83CF3FA5B4C07A87D90E209BD1350C03E" xmlns:urn1="urn:sourceid.org:saml2:metadata-extension:v2">
            <urn1:Parameter Name="filter" Value="(mail=${email})"/>
            <urn1:Parameter Name="search_base" Value="ou=Users,dc=intercax,dc=com "/>
            <urn1:Parameter Name="search_attributes" Value="Subject DN,displayName,givenName,mail,sn,uid"/>
            <urn1:Parameter Name="search_scope" Value="SUBTREE_SCOPE"/>
            <urn1:Parameter Name="memberof_nested_group" Value="false"/>
        </urn1:AttributeSource>
        <urn1:TokenAuthorizationIssuanceCriteria xmlns:urn1="urn:sourceid.org:saml2:metadata-extension:v2"/>
    </urn:AttributeMapping>
</urn:AdapterConfiguration>